[
  {
    "imageFile": "food1",
    "monsterName": "ผัดกระเพราหมูสับ",
    "caption": "Bang Kok",
    "description": "สำหรับเมนูยอดฮิตหรือบางทีถึงกับบอกว่าเป็นเมนูสิ้นคิดกันเลยทีเดียว นึกอะไรไม่ออกก็ต้องสั่งผัดกระเพราหมูสับไว้ก่อน แต่เสน่ห์ของกระเพราหมูสับคือกลิ่นพริกที่ฉุนร้อนแรง บางร้านถึงกับเรียกว่ากระเพราหมูสับนรกแตก ถ้ากินในวันอากาศร้อนๆ ด้วยแล้ว เหงื่อท่วมตัวแน่นอน",
    "price": 45 ,
    "scariness": 2
  },
  {
    "imageFile": "food2",
    "monsterName": "ผัดคะน้าหมูกรอบ",
    "caption": "Japan",
    "description": "สำหรับคนที่ทานผักเก่งๆ อาจจะชอบกับเมนูคะน้าหมูกรอบนี้ จุดเด่นของเมนูก็อยู่ที่หมูกรอบ เทคนิคสำคัญของเมนูนี้คือต้องให้ผักคะน้ากรุบกรอบ และสัดส่วนของหมูกรอบกับคะน้าต้องพอดีกันไม่ใช่สั่งคะน้าหมูกรอบแต่เหมือนได้ผัดผักคะน้าอย่างเดียวมากกว่า",
    "price": 50,
    "scariness": 4
  },
  {
    "imageFile": "food3",
    "monsterName": "หมูทอดกระเทียม",
    "caption": "Thai wan",
    "description": "มื้อกลางวันสุดฟินแบบคนไม่ชอบทานเผ็ด หมูทอดกระเทียมเป็นสุดยอดอาหารตามสั่งที่กินได้ไม่มีเบื่อ บางร้านทำอร่อยๆ หมูทอดกระเทียมเยิ้มๆ เสิร์ฟคู่กับไข่ดาวกึ่งสุกกึ่งดิบ รสชาติผสานเข้ากันได้เป็นอย่างดี บางทีอร่อยมากจานเดียวไม่พองานนี้ต้องขอเบิ้ล",
    "price": 40,
    "scariness": 3
  },
  {
    "imageFile": "food4",
    "monsterName": "ข้าวผัดหมู",
    "caption": "Amriga",
    "description": "ข้าวผัดหมูอร่อยที่สุดคือทานตอนปรุงสุกใหม่ๆ  บางทีมีไข่ดาวโป๊ะหน้ามาด้วย ก่อนจะรับประทานก็บีบมะนาว และโรยพริกไทยลงไปสักหน่อย เวลาเอาช้อนตักลงไปจะเห็นควันอุ่นๆ พุ่งขึ้นมา เรียกน้ำย่อยให้ทำงานได้อย่างดี ถือเป็นเมนูที่ฮิตติดปากคนไทยมากที่สุดเช่นกัน",
    "price": 60,
    "scariness": 5
  },
  {
    "imageFile": "food5",
    "monsterName": "ข้าวไข่เจียวหมูสับ",
    "caption": "Newyork",
    "description": "ถ้าไม่รู้จะสั่งเมนูไหนอะไรดี ข้าวไข่เจียวหมูสับ เป็นตัวเลือกที่ง่ายที่สุด ความอร่อยของไข่เจียวคือได้ทานตอนปรุงเสร็จใหม่ๆ เสิร์ฟคู่กับข้าวสวย มาพร้อมกับซอสมะเขือเทศ ถือเป็นเมนูเบาๆ แต่ความอร่อยนั้น 5 ดาวทีเดียว",
    "price": 55,
    "scariness": 2
  },
  {
    "imageFile": "food6",
    "monsterName": "ราดหน้า",
    "caption": "Thailand",
    "description": "วิธีการทำอาจจะยุ่งยากสักหน่อยและใช้เวลาพอสมควรแต่ก็คุ้มค่ากับเมนูที่อุดมด้วยคุณค่าทางโภชนาการมีทั้งผัก ทั้งเนื้อในเมนูเดียวและยังมีน้ำซุปแบบข้นๆให้รับประทานได้อย่างคล่องคอ บางร้านที่มีสูตรราดหน้าเฉพาะตัวลูกค้าจะติดใจมาก",
    "price": 45,
    "scariness": 3,
    "rating": 2
  },
  {
    "imageFile": "food7",
    "monsterName": "ผัดผักรวมมิตร",
    "caption": "Nonthaburi",
    "description": "สำหรับคนรักสุขภาพหรือสาวๆที่ต้องการลดน้ำหนักเมนูผัดผักรวมมิตรก็น่าสนใจไม่น้อย หลักๆ ก็จะมีแครอท ถั่วลันเตา เห็ดฟาง กะหล่ำปลี ฯลฯ  บางร้านให้ผักปลอดสารพิษที่ปลูกเองก็จะลดต้นทุนเมนูนี้ได้อีกมากด้วย",
    "price": 30,
    "scariness": 5
  },
  {
    "imageFile": "food8",
    "monsterName": "กุ้งผัดพริกเผา",
    "caption": "Bunai",
    "description": "เอาใจสายซีฟู้ดด้วยเมนูกุ้งผัดพริกเผา ยิ่งกุ้งตัวโตมากเท่าไหร่ก็ยิ่งทำให้คนกินรู้สึกฟินกับเมนูนี้ได้มากเท่านั้น รสชาติเผ็ดนิดๆ หวานหน่อยๆจากพริกเผา ถือเป็นเมนูตามสั่งที่มีสีสันและความน่าสนใจอย่างมาก",
    "price": 50,
    "scariness": 2
  },
  {
    "imageFile": "food9",
    "monsterName": "กระเพราไข่เยี่ยวม้า",
    "caption": "Sigpo",
    "description": "บางคนเบื่อความซ้ำซากจำเจกับเมนูเดิมๆ กระเพราไข่เยี่ยวม้าก็เป็นทางเลือกที่น่าสนใจ วิธีการก็เหมือนการผัดกระเพราทั่วไปแต่เสน่ห์คือมีไข่เยี่ยวม้าที่ทำให้ความอร่อยของกระเพราจานนี้เพิ่มมากขึ้นและเป็นเมนูที่อัพราคาได้มากกว่ากระเพราทั่วไปอีกด้วย",
    "price": 40,
    "scariness": 4
  },
  {
    "imageFile": "food10",
    "monsterName": "ผัดคะน้าปลาเค็ม",
    "caption": "Malasia",
    "description": "เมนูบ้านๆ ที่ตอนเด็กเราอาจเคยกินจากฝีมือของแม่เรามาบ้าง จุดเด่นคือความง่ายและไม่มีขั้นตอนยุ่งยาก ได้รสชาติของผักผสมกับน้ำมันหอยตัดกับรสเค็มจากปลา เป็นอาหารตามสั่งที่รับประทานได้เรื่อยๆ แก้เบื่อกับเมนูจำเจได้เป็นอย่างดี",
    "price": 45,
    "scariness": 1
  },
  {
    "imageFile": "food11",
    "monsterName": "ถั่วฝักยาวผัดพริกแกง",
    "caption": "Greece",
    "description": "นอกจากเป็นอาหารตามสั่งยอดฮิตเชื่อว่าใครที่ทำกับข้าวกินเองก็ต้องเคยทำเมนูถั่วผัดพริกแกง แล้วแต่ว่าชอบหมูมากหรือหมูน้อยๆ บางทีก็ดูเหมือนผัดพริกแกงถั่วฝักยาวล้วนๆ เป็นเมนูตามสั่งยอดฮิตที่ติดปากคนไทยเช่นกัน",
    "price": 50,
    "scariness": 3
  },
  {
    "imageFile": "food12",
    "monsterName": "ผัดผักบุ้งไฟแดง",
    "caption": "Island",
    "description": "อาจไม่เหมือนเป็นเมนูตามสั่งประเภทอาหารจานเดียวสักเท่าไหร่เพราะผัดผักบุ้งไฟแดงน่าจะเหมาะทานคู่กับข้าวต้มกุ๊ยมากกว่า แต่ว่าก็มีบางส่วนที่สั่งเป็นกับข้าวทานคู่กับข้าวสวย อร่อยไปอีกแบบ",
    "price": 55,
    "scariness": 4
  }
]